Customer Name,Street Address,City,State,ZIP,Email,Phone Number,Industry,Region
Minnaminnie Witcher,130 Buena Vista Drive,Saint-Priest-en-Jarez,Rhône-Alpes,42275 CEDEX,mwitcher0@umn.edu,234-824-9443,Education,South
Aylmer Geri,8 Ohio Park,Kaduna,,,ageri1@ehow.com,259-108-0464,Education,North
Mariya Twohig,329 Ridgeway Road,Maji,,,mtwohig2@merriam-webster.com,583-986-9965,Pharmaceutical,North
Emmott Rheubottom,11 Iowa Circle,Fentange,,L-5891,erheubottom3@comsenz.com,639-566-9652,Pharmaceutical,South
Giana Benjamin,79 Manufacturers Point,Cocachacra,,,gbenjamin4@bandcamp.com,882-217-5348,Education,South
Kaylil Moors,8702 Canary Lane,Rashaant,,,kmoors5@washington.edu,347-462-5890,Pharmaceutical,South
Milo Bollom,7958 Knutson Trail,Gisiliba,,,mbollom6@vimeo.com,325-345-0716,Pharmaceutical,South
Perri Snyder,61 Hazelcrest Terrace,Sundumbili,,9334,psnyder7@fda.gov,951-786-6367,Education,South
Jacklyn Flewan,5 Lake View Parkway,Hevlín,,671 69,jflewan8@epa.gov,987-346-1924,Pharmaceutical,South
Antonetta Burtonshaw,41381 Kennedy Crossing,Haicheng,,,aburtonshaw9@google.fr,896-798-5377,Education,North
Corrina Carlan,83 Nelson Alley,Antalaha,,,ccarlana@webs.com,757-420-5920,Pharmaceutical,North
Leonidas Print,5199 Marcy Place,Penanggungan,,,lprintb@myspace.com,879-291-7933,Pharmaceutical,North
Shellie Eglise,537 Kedzie Hill,Calizo,,5610,seglisec@histats.com,462-474-3868,Pharmaceutical,South
Vernice Beet,6026 Clyde Gallagher Lane,Bakov nad Jizerou,,294 01,vbeetd@earthlink.net,153-993-9654,Pharmaceutical,South
Sergeant Milne,0477 Rigney Drive,Hisings Kärra,Västra Götaland,425 33,smilnee@unicef.org,979-230-2187,Manufacturing,North
Ricardo Meineken,71 Susan Pass,Komsomolsk,,,rmeinekenf@symantec.com,477-940-1248,Manufacturing,North
Anne Keavy,3519 Alpine Parkway,Baiyangwan,,,akeavyg@1und1.de,599-415-6221,Manufacturing,North
Julee Mildenhall,218 Carpenter Avenue,Saharna,,MD-5431,jmildenhallh@ask.com,399-838-5823,Manufacturing,North
Vin Dumbrill,83 Delladonna Pass,Macklin,Saskatchewan,B0K,vdumbrilli@google.pl,738-727-7896,Pharmaceutical,South
Jori Balharry,456 Northland Terrace,Tallaght,,D24,jbalharryj@upenn.edu,551-656-4980,Education,North
Dorian Roussel,882 Corscot Road,Mullagh,,V31,drousselk@so-net.ne.jp,214-568-2873,Manufacturing,North
Hersch Regardsoe,15 Dakota Pass,Tadine,,98828,hregardsoel@state.tx.us,484-437-5708,Education,South
Amata Nelissen,6564 Susan Road,Maţarah,,,anelissenm@odnoklassniki.ru,663-210-6976,Pharmaceutical,South
Hillary Eacott,18820 Gina Circle,Las Lajas,,5833,heacottn@spiegel.de,972-827-6634,Education,South
Honoria Markovich,89881 Hayes Alley,Dowlatyār,,,hmarkovicho@un.org,102-742-6357,Manufacturing,North
Hale Bertholin,3 Sloan Plaza,Helixi,,,hbertholinp@fema.gov,321-195-8034,Pharmaceutical,North
Effie Sykora,9 International Place,Ylöjärvi,,33480,esykoraq@amazon.co.uk,181-283-9169,Manufacturing,North
Cassondra Gaffney,18 Ohio Alley,Garango,,,cgaffneyr@kickstarter.com,255-807-3196,Pharmaceutical,North
Dolorita Kording,98 Rutledge Hill,Simenqian,,,dkordings@e-recht24.de,139-927-1556,Pharmaceutical,North
Valene Rosten,3 Florence Park,Fernández,,4322,vrostent@ask.com,729-921-4550,Pharmaceutical,North
Susette Mix,916 Hoffman Crossing,Dobrljin,,,smixu@bbb.org,959-955-3401,Manufacturing,North
Franky Ventom,614 Manufacturers Crossing,Tabia,,,fventomv@amazon.com,294-841-3064,Manufacturing,South
Gunilla January 1st,368 Spenser Terrace,Sakété,,,gjanuaryw@g.co,777-747-9401,Education,South
Levy Christene,8509 Barnett Alley,Ikata-chō,,796-8008,lchristenex@flavors.me,528-693-3346,Pharmaceutical,North
Vivia Redwall,4 Lukken Alley,Ho,,,vredwally@cdbaby.com,727-217-0858,Education,South
Mariya Igoe,7 Sauthoff Lane,Luzhuangzi,,,migoez@ezinearticles.com,279-186-2164,Pharmaceutical,South
Betteanne Gonsalvo,1 Park Meadow Junction,Gojō,,648-0002,bgonsalvo10@aol.com,189-321-2282,Manufacturing,South
Rosaline Kemson,52 Maple Wood Avenue,Reston,Virginia,22096,rkemson11@dropbox.com,571-344-6363,Education,South
Rolando Shemming,33 Morrow Hill,Columbus,Georgia,31998,rshemming12@microsoft.com,706-319-4035,Manufacturing,South
Kai Nelthrop,462 Green Ridge Plaza,Melaka,Melaka,75910,knelthrop13@home.pl,443-116-3912,Education,South
Vicky Lorand,0 Nova Plaza,Malalag,,8010,vlorand14@yolasite.com,794-940-4460,Manufacturing,North
Myrtie Hellmer,3 Stephen Avenue,Quốc Oai,,,mhellmer15@bravesites.com,967-235-3661,Manufacturing,North
Nadine Giorgielli,8550 Emmet Alley,Petrópolis,,25600-000,ngiorgielli16@reverbnation.com,633-830-3886,Education,North
Davida Bradneck,09 Prairieview Crossing,Ordzhonikidzevskiy,,369228,dbradneck17@nbcnews.com,195-964-5966,Pharmaceutical,North
Oralie MacLice,6591 Truax Drive,Cabedelo,,58310-000,omaclice18@newsvine.com,747-570-4785,Education,South
Myranda Chipperfield,7 Hazelcrest Center,Omoku,,,mchipperfield19@timesonline.co.uk,613-878-8671,Manufacturing,North
Marci Pudan,3 Havey Way,Nastola,,15561,mpudan1a@i2i.jp,691-526-6132,Manufacturing,South
Padget Balog,324 Shelley Terrace,Mineralni Bani,,6366,pbalog1b@cbslocal.com,945-320-9552,Education,South
Casey Upstone,11215 Farwell Drive,Juatuba,,35675-000,cupstone1c@washingtonpost.com,953-593-6199,Education,North
Bethany Lansley,760 Sherman Park,Ovruch,,,blansley1d@europa.eu,701-376-4909,Pharmaceutical,South
Rafaello Rosenthal,88233 Texas Lane,Duishan,,,rrosenthal1e@buzzfeed.com,137-746-0827,Pharmaceutical,South
Imogene Hazelton,95106 Division Drive,Dhanot,,42001,ihazelton1f@gov.uk,398-146-6259,Education,North
Rosabelle Faccini,52 Loeprich Place,San Bartolomé Milpas Altas,,03009,rfaccini1g@apple.com,420-402-4015,Manufacturing,North
Drusie Farley,76 Birchwood Drive,Xuefu,,,dfarley1h@mashable.com,465-152-9977,Manufacturing,North
Berti Camus,07 Utah Court,Tost,,,bcamus1i@redcross.org,777-207-7609,Manufacturing,North
Ugo Cinavas,178 Macpherson Trail,Lamovita,,,ucinavas1j@com.com,797-244-1302,Manufacturing,South
Tandi Ferminger,42 Lyons Junction,Pozuzo,,,tferminger1k@lycos.com,403-885-3302,Pharmaceutical,South
Lanita Baggs,07281 Mayfield Drive,Duwaktenggi,,,lbaggs1l@zdnet.com,528-279-9448,Education,South
Lotte Penhearow,3 Bultman Pass,Oslo,Oslo,0873,lpenhearow1m@nba.com,900-605-9345,Pharmaceutical,North
Llewellyn Dresche,5 Weeping Birch Park,Madrid,,250038,ldresche1n@homestead.com,203-454-0762,Education,North
Lolita Twidell,65 Clyde Gallagher Alley,Nuquí,,276058,ltwidell1o@google.ca,594-773-2103,Education,South
Cristionna Carnson,123 Hermina Avenue,Mingora,,19130,ccarnson1p@cnn.com,951-298-6076,Manufacturing,North
Gregorio Branscombe,74883 Walton Parkway,Sukawening,,,gbranscombe1q@g.co,667-584-5228,Pharmaceutical,North
Tally Ainslee,8 Bashford Point,Suruhwadang,,,tainslee1r@paypal.com,538-222-5794,Pharmaceutical,South
Warren Eastwell,56 Sommers Court,Katipunan,,7109,weastwell1s@qq.com,328-692-5100,Manufacturing,North
Sandye Bineham,35 Waxwing Park,Gabaldon,,3131,sbineham1t@miitbeian.gov.cn,994-858-0723,Pharmaceutical,North
Danielle Castro,9728 Starling Way,Enyerhyetykaw,,,dcastro1u@miibeian.gov.cn,752-235-0972,Education,North
Olia Sorrie,850 Algoma Hill,Novokizhinginsk,,671454,osorrie1v@cafepress.com,828-791-4121,Manufacturing,North
Elizabet Tippetts,02 Larry Lane,Kutno,,93-524,etippetts1w@liveinternet.ru,351-171-8026,Manufacturing,North
Bethany Gendricke,06451 6th Circle,Wulingyuan,,,bgendricke1x@technorati.com,860-103-6521,Manufacturing,South
Chicky Tebbe,99 Fallview Terrace,Tamiso,,2819,ctebbe1y@arstechnica.com,596-553-0475,Manufacturing,North
Addy Pandie,1537 Dryden Crossing,Miras,,,apandie1z@ifeng.com,735-258-1885,Education,South
Cesya Locard,3313 Forest Dale Circle,Somanda,,,clocard20@quantcast.com,236-579-7325,Pharmaceutical,South
Halsey Treadgold,2 Kipling Park,El Carril,,4421,htreadgold21@drupal.org,518-716-4155,Education,North
Ilse Manners,15 Rockefeller Drive,Angoulême,Poitou-Charentes,16999 CEDEX 9,imanners22@topsy.com,376-985-1202,Manufacturing,South
Kora Bawles,84 Oriole Street,Sigli,,,kbawles23@vkontakte.ru,393-964-4887,Education,South
Christiane Gonzalvo,7 Hooker Center,Hovězí,,756 01,cgonzalvo24@ovh.net,995-929-3444,Education,North
Sydney Boustead,914 Nelson Junction,Gwadabawa,,,sboustead25@t-online.de,459-488-5810,Pharmaceutical,South
Shaylah Sprigging,180 Menomonie Center,Knoxville,Tennessee,37939,ssprigging26@naver.com,865-679-1092,Manufacturing,North
Dorelle Prangle,5153 Stone Corner Center,Dhamār,,,dprangle27@cdbaby.com,756-787-1278,Pharmaceutical,North
Kahlil Van der Merwe,1 Kingsford Plaza,Gunziying,,,kvan28@time.com,824-114-5712,Education,South
Caty McClaughlin,43930 Cascade Center,Ålesund,More og Romdal,6005,cmcclaughlin29@vkontakte.ru,869-815-1328,Pharmaceutical,South
Mikaela Tolson,32653 Petterle Circle,Tohautu,,,mtolson2a@latimes.com,853-192-0568,Manufacturing,North
Ferguson Mackrell,6 Killdeer Center,Sukamulia,,,fmackrell2b@tmall.com,879-853-1734,Manufacturing,South
Julienne Attenborrow,24899 Eagan Place,Eling,,,jattenborrow2c@msu.edu,982-292-1462,Manufacturing,South
Reggis Cockran,359 Fordem Lane,Los Pinos,Veracruz Llave,93605,rcockran2d@i2i.jp,370-169-0632,Pharmaceutical,North
Mathew Corington,45 Oak Valley Terrace,Cortes,,6341,mcorington2e@bravesites.com,901-849-8159,Pharmaceutical,South
Emlyn Turl,02122 Arapahoe Parkway,Imus,,4103,eturl2f@scientificamerican.com,647-858-1751,Education,South
Cynthy Steven,3 Clemons Alley,Shuikou,,,csteven2g@tuttocitta.it,855-387-8174,Education,South
Fallon Leopard,7 Badeau Place,Al Marj,,,fleopard2h@squidoo.com,976-527-0957,Manufacturing,North
Brok Allardyce,20614 Upham Center,Pueblo Nuevo,,,ballardyce2i@nps.gov,999-911-3445,Manufacturing,North
Iorgos Dunseath,059 Vidon Alley,Pridonskoy,,394091,idunseath2j@vinaora.com,811-486-7595,Education,North
Wenda Goldney,6 Amoth Trail,Baimi,,,wgoldney2k@meetup.com,114-639-5814,Pharmaceutical,North
Catlee Hook,58232 Carberry Court,Jīt,,,chook2l@wufoo.com,644-553-3982,Manufacturing,South
Curtice Gewer,19574 Pennsylvania Junction,Danao,,6344,cgewer2m@elpais.com,765-809-2271,Manufacturing,South
Everard Bear,91 Wayridge Avenue,Pa Kham,,30170,ebear2n@edublogs.org,696-627-0051,Pharmaceutical,South
Siouxie Dericot,3902 Oriole Parkway,Bandar ‘Abbās,,,sdericot2o@google.ru,392-281-7499,Manufacturing,North
Toinette Klemenz,44 Nevada Center,Anáfi,,,tklemenz2p@oakley.com,417-887-7495,Manufacturing,North
Shae Triplow,3358 Ridgeview Hill,Maraã,,69490-000,striplow2q@sitemeter.com,821-180-7104,Manufacturing,South
Frannie Parades,11145 Gale Alley,Piteå,Norrbotten,941 28,fparades2r@cbsnews.com,608-931-8521,Education,North
